timestamp,gpu,memory_used_mb,gpu_utilization,memory_utilization,power_w,temperature
2026-10-01T02:41:05.264554+00:00,0,11190.0,0.0,0.0,34.55,74.0
2026-10-01T02:41:05.513212+00:00,0,11194.0,41.0,28.0,37.48,76.0
2026-10-01T02:41:05.772355+00:00,0,11194.0,90.0,100.0,48.26,76.0
2026-10-01T02:41:06.030140+00:00,0,11194.0,96.0,100.0,52.15,76.0
2026-10-01T02:41:06.296088+00:00,0,11194.0,96.0,100.0,55.82,77.0
2026-10-01T02:41:06.553500+00:00,0,11194.0,95.0,100.0,71.78,76.0
2026-10-01T02:41:06.813796+00:00,0,11194.0,95.0,100.0,72.44,77.0
2026-10-01T02:41:07.085953+00:00,0,11194.0,95.0,100.0,72.17,77.0
2026-10-01T02:41:07.354875+00:00,0,11194.0,95.0,100.0,72.26,77.0
2026-10-01T02:41:07.620550+00:00,0,11194.0,94.0,100.0,72.12,77.0
2026-10-01T02:41:07.889040+00:00,0,11198.0,93.0,100.0,72.37,77.0
2026-10-01T02:41:08.150253+00:00,0,11198.0,97.0,70.0,72.13,79.0
2026-10-01T02:41:08.413613+00:00,0,11198.0,94.0,100.0,72.13,77.0
2026-10-01T02:41:08.685140+00:00,0,11198.0,94.0,100.0,72.81,78.0
2026-10-01T02:41:08.951837+00:00,0,11198.0,96.0,100.0,72.92,77.0
2026-10-01T02:41:09.217163+00:00,0,11198.0,94.0,100.0,72.34,77.0
2026-10-01T02:41:09.489884+00:00,0,11198.0,94.0,100.0,72.23,78.0
2026-10-01T02:41:09.751975+00:00,0,11198.0,94.0,100.0,72.52,78.0
2026-10-01T02:41:10.066452+00:00,0,11198.0,95.0,100.0,71.91,78.0
2026-10-01T02:41:10.316637+00:00,0,11198.0,94.0,100.0,71.86,78.0
2026-10-01T02:41:10.581993+00:00,0,11202.0,100.0,61.0,67.73,78.0
2026-10-01T02:41:10.852081+00:00,0,11202.0,94.0,100.0,67.2,78.0
2026-10-01T02:41:11.119681+00:00,0,11202.0,94.0,100.0,67.23,78.0
2026-10-01T02:41:11.387662+00:00,0,11202.0,94.0,100.0,67.66,78.0
2026-10-01T02:41:11.643760+00:00,0,11202.0,94.0,100.0,71.08,78.0
2026-10-01T02:41:11.915483+00:00,0,11202.0,95.0,100.0,71.64,78.0
2026-10-01T02:41:12.175775+00:00,0,11202.0,95.0,100.0,71.96,79.0
2026-10-01T02:41:12.431753+00:00,0,11202.0,95.0,100.0,72.0,79.0
2026-10-01T02:41:12.690124+00:00,0,11202.0,95.0,100.0,72.54,79.0
2026-10-01T02:41:12.946847+00:00,0,11206.0,75.0,42.0,71.98,81.0
2026-10-01T02:41:13.209381+00:00,0,11206.0,95.0,100.0,71.51,79.0
2026-10-01T02:41:13.474533+00:00,0,11206.0,95.0,100.0,71.93,79.0
2026-10-01T02:41:13.740643+00:00,0,11206.0,95.0,100.0,71.46,79.0
2026-10-01T02:41:14.004401+00:00,0,11206.0,94.0,100.0,71.35,79.0
2026-10-01T02:41:14.286665+00:00,0,11206.0,95.0,100.0,71.87,79.0
2026-10-01T02:41:14.553780+00:00,0,11206.0,94.0,100.0,72.06,79.0
2026-10-01T02:41:14.822795+00:00,0,11206.0,95.0,100.0,71.81,79.0
2026-10-01T02:41:15.096496+00:00,0,11206.0,94.0,100.0,71.7,79.0
2026-10-01T02:41:15.369823+00:00,0,11210.0,61.0,54.0,73.88,79.0
2026-10-01T02:41:15.650564+00:00,0,11210.0,96.0,100.0,73.32,80.0
2026-10-01T02:41:15.941829+00:00,0,11210.0,94.0,100.0,74.05,80.0
2026-10-01T02:41:16.209699+00:00,0,11210.0,93.0,100.0,74.41,80.0
2026-10-01T02:41:16.473421+00:00,0,11210.0,94.0,100.0,71.98,80.0
2026-10-01T02:41:16.734577+00:00,0,11210.0,95.0,100.0,72.22,80.0
2026-10-01T02:41:17.004556+00:00,0,11210.0,94.0,100.0,71.75,80.0
2026-10-01T02:41:17.288610+00:00,0,11210.0,95.0,100.0,71.33,80.0
2026-10-01T02:41:17.550297+00:00,0,11210.0,95.0,100.0,71.46,80.0
2026-10-01T02:41:17.807747+00:00,0,11210.0,89.0,100.0,70.97,81.0
2026-10-01T02:41:18.071254+00:00,0,11210.0,94.0,97.0,71.1,80.0
2026-10-01T02:41:18.341391+00:00,0,11210.0,95.0,100.0,71.14,80.0
2026-10-01T02:41:18.605460+00:00,0,11210.0,95.0,100.0,71.67,80.0
2026-10-01T02:41:18.872999+00:00,0,11210.0,95.0,100.0,71.97,81.0
2026-10-01T02:41:19.128003+00:00,0,11210.0,95.0,100.0,71.8,81.0
2026-10-01T02:41:19.391304+00:00,0,11210.0,96.0,100.0,72.04,81.0
2026-10-01T02:41:19.657810+00:00,0,11210.0,95.0,100.0,71.69,81.0
2026-10-01T02:41:19.939710+00:00,0,11210.0,95.0,100.0,72.09,81.0
2026-10-01T02:41:20.214797+00:00,0,11210.0,97.0,100.0,72.55,81.0
2026-10-01T02:41:20.471055+00:00,0,11210.0,95.0,100.0,71.88,81.0
2026-10-01T02:41:20.734983+00:00,0,11210.0,95.0,100.0,72.14,81.0
2026-10-01T02:41:20.993596+00:00,0,11210.0,97.0,100.0,72.27,81.0
2026-10-01T02:41:21.258824+00:00,0,11210.0,95.0,100.0,71.67,81.0
2026-10-01T02:41:21.520041+00:00,0,11210.0,95.0,100.0,72.01,81.0
2026-10-01T02:41:21.786597+00:00,0,11210.0,95.0,100.0,72.18,81.0
2026-10-01T02:41:22.079494+00:00,0,11210.0,95.0,100.0,72.01,81.0
2026-10-01T02:41:22.342693+00:00,0,11210.0,95.0,100.0,72.28,81.0
2026-10-01T02:41:22.603225+00:00,0,11210.0,95.0,100.0,71.94,81.0
2026-10-01T02:41:22.886829+00:00,0,11210.0,95.0,100.0,71.91,81.0
2026-10-01T02:41:23.158841+00:00,0,11210.0,95.0,100.0,71.89,81.0
2026-10-01T02:41:23.417096+00:00,0,11210.0,95.0,100.0,71.36,81.0
2026-10-01T02:41:23.678462+00:00,0,11210.0,95.0,100.0,71.7,81.0
2026-10-01T02:41:23.971022+00:00,0,11210.0,95.0,100.0,71.6,82.0
2026-10-01T02:41:24.219095+00:00,0,11210.0,95.0,100.0,71.58,82.0
2026-10-01T02:41:24.479333+00:00,0,11210.0,66.0,62.0,73.49,82.0
2026-10-01T02:41:24.744268+00:00,0,11210.0,95.0,100.0,73.64,82.0
2026-10-01T02:41:25.025997+00:00,0,11210.0,95.0,100.0,73.78,82.0
2026-10-01T02:41:25.304093+00:00,0,11210.0,94.0,100.0,73.93,82.0
2026-10-01T02:41:25.570093+00:00,0,11210.0,95.0,100.0,72.01,82.0
2026-10-01T02:41:25.834422+00:00,0,11210.0,95.0,100.0,72.02,82.0
2026-10-01T02:41:26.103412+00:00,0,11210.0,95.0,100.0,71.96,82.0
2026-10-01T02:41:26.368786+00:00,0,11210.0,94.0,100.0,71.44,82.0
2026-10-01T02:41:26.632008+00:00,0,11210.0,95.0,100.0,71.9,82.0
2026-10-01T02:41:26.902316+00:00,0,11210.0,94.0,100.0,72.07,82.0
2026-10-01T02:41:27.174824+00:00,0,11210.0,95.0,100.0,71.5,82.0
2026-10-01T02:41:27.436393+00:00,0,11210.0,95.0,100.0,71.85,81.0
2026-10-01T02:41:27.699678+00:00,0,11210.0,95.0,100.0,72.05,82.0
2026-10-01T02:41:27.991911+00:00,0,11210.0,95.0,100.0,71.9,82.0
2026-10-01T02:41:28.258643+00:00,0,11210.0,95.0,100.0,71.95,81.0
2026-10-01T02:41:28.520383+00:00,0,11210.0,96.0,100.0,72.24,82.0
2026-10-01T02:41:28.780924+00:00,0,11210.0,95.0,100.0,72.37,82.0
2026-10-01T02:41:29.042467+00:00,0,11210.0,97.0,100.0,72.4,81.0
2026-10-01T02:41:29.306936+00:00,0,11210.0,97.0,100.0,72.35,81.0
2026-10-01T02:41:29.568865+00:00,0,11210.0,95.0,100.0,72.3,81.0
2026-10-01T02:41:29.831294+00:00,0,11210.0,96.0,100.0,72.43,81.0
2026-10-01T02:41:30.095284+00:00,0,11210.0,95.0,100.0,71.87,81.0
2026-10-01T02:41:30.371703+00:00,0,11210.0,95.0,100.0,71.94,81.0
2026-10-01T02:41:30.638673+00:00,0,11210.0,97.0,100.0,72.2,81.0
2026-10-01T02:41:30.909505+00:00,0,11210.0,96.0,100.0,71.86,81.0
2026-10-01T02:41:31.176582+00:00,0,11210.0,60.0,66.0,72.09,83.0
2026-10-01T02:41:31.445253+00:00,0,11210.0,94.0,100.0,71.36,81.0
2026-10-01T02:41:31.711871+00:00,0,11210.0,95.0,100.0,71.78,81.0
2026-10-01T02:41:31.991646+00:00,0,11210.0,97.0,100.0,72.15,81.0
2026-10-01T02:41:32.263848+00:00,0,11210.0,95.0,100.0,71.27,81.0
2026-10-01T02:41:32.531204+00:00,0,11210.0,95.0,100.0,72.47,81.0
2026-10-01T02:41:32.798444+00:00,0,11210.0,96.0,100.0,72.3,81.0
2026-10-01T02:41:33.060217+00:00,0,11210.0,95.0,100.0,71.86,81.0
2026-10-01T02:41:33.326585+00:00,0,11210.0,95.0,100.0,72.44,80.0
2026-10-01T02:41:33.592551+00:00,0,11210.0,95.0,100.0,71.92,80.0
2026-10-01T02:41:33.855113+00:00,0,11210.0,95.0,100.0,72.12,80.0
2026-10-01T02:41:34.117890+00:00,0,11210.0,95.0,100.0,72.0,80.0
2026-10-01T02:41:34.386328+00:00,0,11210.0,95.0,100.0,71.81,80.0
2026-10-01T02:41:34.648247+00:00,0,11210.0,96.0,100.0,72.46,80.0
2026-10-01T02:41:34.915785+00:00,0,11210.0,97.0,100.0,71.97,80.0
2026-10-01T02:41:35.194045+00:00,0,11210.0,95.0,100.0,71.82,80.0
2026-10-01T02:41:35.455036+00:00,0,11210.0,96.0,100.0,71.85,80.0
2026-10-01T02:41:35.718202+00:00,0,11210.0,97.0,100.0,71.5,80.0
2026-10-01T02:41:35.982259+00:00,0,11210.0,94.0,100.0,71.86,80.0
2026-10-01T02:41:36.246256+00:00,0,11210.0,96.0,100.0,71.71,80.0
2026-10-01T02:41:36.523241+00:00,0,11210.0,97.0,100.0,71.82,80.0
2026-10-01T02:41:36.789510+00:00,0,11210.0,94.0,100.0,72.27,80.0
2026-10-01T02:41:37.072507+00:00,0,11210.0,97.0,100.0,71.78,80.0
2026-10-01T02:41:37.334394+00:00,0,11210.0,97.0,100.0,71.61,80.0
2026-10-01T02:41:37.597353+00:00,0,11210.0,95.0,100.0,71.79,79.0
2026-10-01T02:41:37.865149+00:00,0,11210.0,97.0,100.0,71.64,80.0
2026-10-01T02:41:38.130944+00:00,0,11210.0,97.0,100.0,71.37,79.0
2026-10-01T02:41:38.393572+00:00,0,11210.0,94.0,100.0,71.93,79.0
2026-10-01T02:41:38.662480+00:00,0,11210.0,97.0,100.0,71.99,79.0
2026-10-01T02:41:38.941591+00:00,0,11210.0,75.0,50.0,70.85,79.0
2026-10-01T02:41:39.201061+00:00,0,11210.0,95.0,100.0,70.95,79.0
2026-10-01T02:41:39.461076+00:00,0,11210.0,94.0,100.0,71.55,79.0
2026-10-01T02:41:39.724007+00:00,0,11210.0,95.0,100.0,71.21,79.0
2026-10-01T02:41:40.022978+00:00,0,11210.0,95.0,100.0,71.79,79.0
2026-10-01T02:41:40.289620+00:00,0,11210.0,96.0,100.0,72.36,79.0
2026-10-01T02:41:40.556956+00:00,0,11210.0,96.0,100.0,72.25,79.0
2026-10-01T02:41:40.820984+00:00,0,11210.0,95.0,100.0,72.11,79.0
2026-10-01T02:41:41.084708+00:00,0,11210.0,96.0,100.0,72.58,79.0
2026-10-01T02:41:41.340397+00:00,0,11210.0,96.0,100.0,72.64,79.0
2026-10-01T02:41:41.598630+00:00,0,11210.0,95.0,100.0,72.34,79.0
2026-10-01T02:41:41.863759+00:00,0,11210.0,97.0,100.0,72.54,79.0
2026-10-01T02:41:42.137561+00:00,0,11210.0,97.0,100.0,72.42,79.0
2026-10-01T02:41:42.396803+00:00,0,11210.0,94.0,100.0,72.52,79.0
2026-10-01T02:41:42.657001+00:00,0,11210.0,96.0,100.0,72.31,79.0
2026-10-01T02:41:42.929373+00:00,0,11210.0,96.0,100.0,71.79,78.0
2026-10-01T02:41:43.189580+00:00,0,11210.0,95.0,100.0,72.08,78.0
2026-10-01T02:41:43.455342+00:00,0,11210.0,96.0,100.0,71.73,78.0
2026-10-01T02:41:43.715667+00:00,0,11210.0,95.0,100.0,71.46,78.0
2026-10-01T02:41:43.987168+00:00,0,11210.0,68.0,51.0,72.67,79.0
2026-10-01T02:41:44.271125+00:00,0,11210.0,95.0,100.0,72.58,78.0
2026-10-01T02:41:44.530612+00:00,0,11210.0,96.0,100.0,72.96,78.0
2026-10-01T02:41:44.800063+00:00,0,11210.0,95.0,100.0,73.09,78.0
2026-10-01T02:41:45.063312+00:00,0,11210.0,97.0,100.0,71.98,78.0
2026-10-01T02:41:45.324638+00:00,0,11210.0,97.0,100.0,71.81,78.0
2026-10-01T02:41:45.585412+00:00,0,11210.0,95.0,100.0,71.94,78.0
2026-10-01T02:41:45.848003+00:00,0,11210.0,97.0,100.0,71.7,78.0
2026-10-01T02:41:46.117170+00:00,0,11210.0,96.0,100.0,73.11,78.0
2026-10-01T02:41:46.382802+00:00,0,11210.0,95.0,100.0,72.53,78.0
2026-10-01T02:41:46.647891+00:00,0,11210.0,95.0,100.0,72.03,78.0
2026-10-01T02:41:46.927796+00:00,0,11210.0,95.0,100.0,71.61,78.0
2026-10-01T02:41:47.195392+00:00,0,11210.0,95.0,100.0,72.27,78.0
2026-10-01T02:41:47.454168+00:00,0,11210.0,95.0,100.0,71.97,78.0
2026-10-01T02:41:47.717324+00:00,0,11210.0,97.0,100.0,71.97,78.0
2026-10-01T02:41:47.962543+00:00,0,11210.0,97.0,100.0,71.99,77.0
2026-10-01T02:41:48.211498+00:00,0,11210.0,0.0,0.0,62.0,76.0
2026-10-01T02:41:48.470092+00:00,0,11210.0,29.0,20.0,63.72,77.0
2026-10-01T02:41:48.729843+00:00,0,11210.0,97.0,100.0,63.93,77.0
2026-10-01T02:41:48.991494+00:00,0,11210.0,95.0,100.0,64.54,77.0
2026-10-01T02:41:49.257927+00:00,0,11210.0,95.0,100.0,74.31,77.0
2026-10-01T02:41:49.519839+00:00,0,11210.0,95.0,100.0,72.13,77.0
2026-10-01T02:41:49.784074+00:00,0,11210.0,95.0,100.0,72.42,77.0
2026-10-01T02:41:50.050377+00:00,0,11210.0,94.0,100.0,71.84,77.0
2026-10-01T02:41:50.323898+00:00,0,11210.0,95.0,100.0,71.78,77.0
2026-10-01T02:41:50.586338+00:00,0,11210.0,95.0,100.0,72.09,77.0
2026-10-01T02:41:50.855402+00:00,0,11210.0,95.0,100.0,71.91,77.0
2026-10-01T02:41:51.131244+00:00,0,11210.0,96.0,100.0,72.02,77.0
2026-10-01T02:41:51.391193+00:00,0,11210.0,96.0,100.0,72.09,77.0
2026-10-01T02:41:51.651704+00:00,0,11210.0,95.0,100.0,72.09,77.0
2026-10-01T02:41:51.949779+00:00,0,11210.0,97.0,100.0,72.4,77.0
2026-10-01T02:41:52.213784+00:00,0,11210.0,97.0,100.0,71.99,77.0
2026-10-01T02:41:52.477575+00:00,0,11210.0,95.0,100.0,71.73,76.0
2026-10-01T02:41:52.740320+00:00,0,11210.0,95.0,100.0,72.12,77.0
2026-10-01T02:41:53.004434+00:00,0,11210.0,96.0,100.0,71.67,77.0
2026-10-01T02:41:53.272863+00:00,0,11210.0,95.0,100.0,71.8,76.0
2026-10-01T02:41:53.535134+00:00,0,11210.0,96.0,100.0,72.21,76.0
2026-10-01T02:41:53.798753+00:00,0,11210.0,95.0,100.0,72.19,76.0
2026-10-01T02:41:54.059195+00:00,0,11210.0,95.0,100.0,72.49,76.0
2026-10-01T02:41:54.328213+00:00,0,11210.0,95.0,100.0,72.19,76.0
2026-10-01T02:41:54.585604+00:00,0,11210.0,95.0,100.0,71.93,76.0
2026-10-01T02:41:54.859365+00:00,0,11210.0,72.0,84.0,68.45,79.0
2026-10-01T02:41:55.123009+00:00,0,11210.0,95.0,100.0,68.05,76.0
2026-10-01T02:41:55.387616+00:00,0,11210.0,96.0,100.0,68.5,76.0
2026-10-01T02:41:55.654723+00:00,0,11210.0,95.0,100.0,68.47,76.0
2026-10-01T02:41:55.950629+00:00,0,11210.0,97.0,100.0,72.11,76.0
2026-10-01T02:41:56.214725+00:00,0,11210.0,96.0,100.0,72.06,76.0
2026-10-01T02:41:56.475812+00:00,0,11210.0,95.0,100.0,71.54,76.0
2026-10-01T02:41:56.742200+00:00,0,11210.0,95.0,100.0,71.98,76.0
2026-10-01T02:41:57.002549+00:00,0,11210.0,96.0,100.0,71.58,76.0
2026-10-01T02:41:57.276549+00:00,0,11210.0,95.0,100.0,71.35,76.0
2026-10-01T02:41:57.540356+00:00,0,11210.0,94.0,100.0,71.68,76.0
2026-10-01T02:41:57.808383+00:00,0,11210.0,96.0,100.0,71.4,76.0
2026-10-01T02:41:58.082270+00:00,0,11210.0,94.0,100.0,71.89,76.0
2026-10-01T02:41:58.373990+00:00,0,11210.0,95.0,100.0,72.02,76.0
2026-10-01T02:41:58.636662+00:00,0,11210.0,96.0,100.0,71.58,76.0
2026-10-01T02:41:58.919976+00:00,0,11210.0,95.0,100.0,71.85,76.0
2026-10-01T02:41:59.178242+00:00,0,11210.0,95.0,100.0,71.87,76.0
2026-10-01T02:41:59.442023+00:00,0,11210.0,96.0,100.0,71.59,76.0
2026-10-01T02:41:59.704508+00:00,0,11210.0,94.0,100.0,71.75,75.0
2026-10-01T02:41:59.998610+00:00,0,11210.0,94.0,100.0,72.4,76.0
2026-10-01T02:42:00.260599+00:00,0,11210.0,97.0,100.0,72.08,75.0
2026-10-01T02:42:00.521411+00:00,0,11210.0,96.0,100.0,72.02,75.0
2026-10-01T02:42:00.782941+00:00,0,11210.0,95.0,100.0,72.51,75.0
2026-10-01T02:42:01.089642+00:00,0,11210.0,95.0,100.0,72.2,75.0
2026-10-01T02:42:01.353951+00:00,0,11210.0,95.0,100.0,71.89,75.0
2026-10-01T02:42:01.601622+00:00,0,11210.0,78.0,91.0,69.53,75.0
2026-10-01T02:42:01.865523+00:00,0,11210.0,94.0,100.0,69.79,75.0
2026-10-01T02:42:02.126474+00:00,0,11210.0,95.0,100.0,69.8,75.0
2026-10-01T02:42:02.395056+00:00,0,11210.0,95.0,100.0,70.34,75.0
2026-10-01T02:42:02.659607+00:00,0,11210.0,95.0,100.0,72.44,75.0
2026-10-01T02:42:02.939667+00:00,0,11210.0,95.0,100.0,71.94,75.0
2026-10-01T02:42:03.203888+00:00,0,11210.0,95.0,100.0,72.22,75.0
2026-10-01T02:42:03.465107+00:00,0,11210.0,97.0,100.0,72.35,75.0
2026-10-01T02:42:03.729293+00:00,0,11210.0,95.0,100.0,71.84,75.0
2026-10-01T02:42:03.994299+00:00,0,11210.0,95.0,100.0,72.5,75.0
2026-10-01T02:42:04.262705+00:00,0,11210.0,96.0,100.0,72.56,75.0
2026-10-01T02:42:04.519033+00:00,0,11210.0,95.0,100.0,71.66,75.0
2026-10-01T02:42:04.782837+00:00,0,11210.0,95.0,100.0,72.25,75.0
2026-10-01T02:42:05.058670+00:00,0,11210.0,95.0,100.0,72.27,75.0
2026-10-01T02:42:05.323232+00:00,0,11210.0,95.0,100.0,72.15,75.0
2026-10-01T02:42:05.588707+00:00,0,11210.0,95.0,100.0,72.06,75.0
2026-10-01T02:42:05.851589+00:00,0,11210.0,95.0,100.0,71.88,75.0
2026-10-01T02:42:06.118743+00:00,0,11210.0,96.0,100.0,72.11,75.0
2026-10-01T02:42:06.378121+00:00,0,11210.0,96.0,100.0,72.1,75.0
2026-10-01T02:42:06.637580+00:00,0,11210.0,96.0,100.0,72.18,75.0
2026-10-01T02:42:06.924272+00:00,0,11210.0,97.0,100.0,72.32,75.0
2026-10-01T02:42:07.187481+00:00,0,11210.0,96.0,100.0,71.87,75.0
2026-10-01T02:42:07.446647+00:00,0,11210.0,95.0,100.0,71.7,75.0
2026-10-01T02:42:07.708212+00:00,0,11210.0,97.0,100.0,71.57,75.0
2026-10-01T02:42:07.987228+00:00,0,11210.0,96.0,100.0,71.81,75.0
2026-10-01T02:42:08.268856+00:00,0,11210.0,95.0,100.0,72.19,75.0
2026-10-01T02:42:08.530643+00:00,0,11210.0,96.0,100.0,71.96,75.0
2026-10-01T02:42:08.792133+00:00,0,11210.0,95.0,100.0,71.94,75.0
2026-10-01T02:42:09.062481+00:00,0,11210.0,95.0,100.0,72.38,75.0
2026-10-01T02:42:09.314234+00:00,0,11210.0,95.0,100.0,72.13,75.0
2026-10-01T02:42:09.578300+00:00,0,11210.0,97.0,100.0,72.32,75.0
2026-10-01T02:42:09.841838+00:00,0,11210.0,95.0,100.0,72.74,75.0
2026-10-01T02:42:10.119608+00:00,0,11210.0,96.0,100.0,72.72,75.0
2026-10-01T02:42:10.389142+00:00,0,11210.0,96.0,100.0,71.96,74.0
2026-10-01T02:42:10.653223+00:00,0,11210.0,95.0,100.0,72.13,74.0
2026-10-01T02:42:10.934707+00:00,0,11210.0,96.0,100.0,72.06,75.0
2026-10-01T02:42:11.200745+00:00,0,11210.0,95.0,100.0,71.69,74.0
2026-10-01T02:42:11.466374+00:00,0,11210.0,95.0,100.0,72.07,74.0
2026-10-01T02:42:11.728231+00:00,0,11210.0,95.0,100.0,72.46,75.0
2026-10-01T02:42:11.997601+00:00,0,11210.0,95.0,100.0,71.81,74.0
2026-10-01T02:42:12.263123+00:00,0,11210.0,95.0,100.0,72.24,74.0
2026-10-01T02:42:12.525253+00:00,0,11210.0,95.0,100.0,71.61,74.0
2026-10-01T02:42:12.791224+00:00,0,11210.0,95.0,100.0,71.37,74.0
2026-10-01T02:42:13.082079+00:00,0,11210.0,94.0,100.0,71.99,74.0
2026-10-01T02:42:13.344055+00:00,0,11210.0,95.0,100.0,71.33,74.0
2026-10-01T02:42:13.604660+00:00,0,11210.0,95.0,100.0,71.78,74.0
2026-10-01T02:42:13.872582+00:00,0,11210.0,95.0,100.0,72.04,74.0
2026-10-01T02:42:14.140551+00:00,0,11210.0,95.0,100.0,71.61,74.0
